,CustomerID,Recency,DayDiff,DayDiff2,DayDiff3,DayDiffMean,DayDiffStd,Segment_Low-Value,NextPurchaseDayRange
0,14740.0,91,6.0,34.0,92.0,30.666666666666668,26.102362600602522,1,0
1,13880.0,45,41.0,72.0,93.0,34.5,10.754843869934453,1,0
2,17068.0,10,25.0,37.0,38.0,17.3,11.045863982102581,1,2
3,12971.0,7,3.0,7.0,19.0,5.333333333333333,3.6199677714955785,1,2
4,16915.0,27,41.0,121.0,156.0,52.0,24.43358344574123,1,0
5,15194.0,22,4.0,48.0,68.0,17.88888888888889,14.048527008591012,1,1
6,18044.0,66,32.0,33.0,83.0,23.4,20.044949488586894,1,0
7,18075.0,6,55.0,57.0,98.0,29.5,22.456624857711812,1,1
8,15241.0,27,28.0,56.0,65.0,26.0,28.474550040343043,1,0
9,17811.0,12,8.0,15.0,29.0,10.6875,5.437140792732886,1,2
10,15971.0,8,33.0,48.0,134.0,35.0,29.740544715926102,1,2
11,15311.0,12,1.0,4.0,9.0,4.75,3.417392489687339,1,2
12,14732.0,6,37.0,80.0,114.0,44.25,13.047988350699887,1,2
13,14688.0,29,12.0,21.0,35.0,17.11111111111111,7.817359599705717,1,1
14,17965.0,34,7.0,20.0,30.0,29.8,33.84819049816401,1,1
15,15660.0,17,18.0,79.0,87.0,41.5,33.96566894183989,1,1
16,14676.0,47,60.0,63.0,70.0,34.0,33.61547262794322,1,0
17,16839.0,9,12.0,22.0,31.0,10.875,8.0156097709407,1,1
18,12747.0,9,55.0,89.0,109.0,43.5,20.305992547357377,1,1
19,13599.0,50,6.0,34.0,41.0,19.0,15.329709716755891,1,0
20,16525.0,17,11.0,21.0,40.0,11.066666666666666,6.181385266226642,1,2
21,14560.0,9,25.0,53.0,87.0,24.857142857142858,20.594728867913197,1,2
22,17961.0,23,4.0,17.0,18.0,7.619047619047619,5.361680617830481,1,1
23,15984.0,0,10.0,133.0,183.0,61.0,57.29746940310715,1,1
24,14292.0,45,40.0,53.0,59.0,34.25,32.64327393711197,1,0
25,15416.0,50,5.0,89.0,132.0,44.0,39.50949253027682,1,0
26,17949.0,0,5.0,9.0,14.0,11.375,11.026483271348727,1,2
27,16678.0,19,26.0,78.0,100.0,23.285714285714285,15.32660307781088,1,2
28,14180.0,6,16.0,32.0,49.0,13.538461538461538,5.076340292891206,1,2
29,13094.0,29,27.0,53.0,57.0,19.125,21.19593963812072,1,1
30,18118.0,47,21.0,28.0,39.0,10.384615384615385,7.17098855968108,1,0
31,14606.0,3,2.0,9.0,13.0,4.475,1.7684920419849512,1,2
32,17048.0,15,2.0,162.0,167.0,55.666666666666664,90.36776711490295,1,0
33,16670.0,6,59.0,66.0,141.0,35.2,30.63005060394122,1,2
34,15061.0,27,7.0,13.0,29.0,11.071428571428571,8.425823727951203,1,0
35,12980.0,55,2.0,21.0,28.0,21.166666666666668,26.286244818662606,1,0
36,17770.0,98,14.0,77.0,84.0,28.0,30.512292604784715,1,0
37,15622.0,90,7.0,14.0,28.0,13.142857142857142,8.571825387640049,1,0
38,15643.0,79,5.0,6.0,12.0,25.75,43.553606815815684,1,0
39,15189.0,6,7.0,17.0,22.0,6.518518518518518,3.6623906690992722,1,2
40,14239.0,30,70.0,76.0,116.0,30.4,28.023204670415552,1,1
41,16217.0,135,10.0,32.0,47.0,15.666666666666666,6.027713773341707,1,0
42,14231.0,79,4.0,53.0,103.0,34.333333333333336,26.27419519858474,1,0
43,14243.0,34,6.0,37.0,42.0,29.6,26.32109420217936,1,1
44,16843.0,34,15.0,42.0,63.0,24.666666666666668,12.53262409340784,1,1
45,17442.0,13,8.0,51.0,107.0,42.25,24.171263930543642,1,2
46,13767.0,8,13.0,15.0,19.0,8.7,8.227681133959024,1,1
47,13477.0,38,32.0,73.0,117.0,36.0,7.874007874011811,1,0
48,16422.0,0,7.0,20.0,22.0,4.55,3.210160152566879,1,2
49,17865.0,0,7.0,14.0,61.0,20.22222222222222,13.67276286799579,1,2
50,17428.0,10,17.0,46.0,61.0,15.636363636363637,11.80061631672454,1,1
51,13018.0,22,9.0,32.0,57.0,14.545454545454545,6.424385361474455,1,1
52,17576.0,5,7.0,44.0,77.0,25.142857142857142,10.10657494618514,1,2
53,13230.0,38,14.0,63.0,89.0,24.0,16.161683080669537,1,0
54,14388.0,21,33.0,82.0,160.0,53.333333333333336,22.810816147900834,1,1
55,17567.0,49,84.0,125.0,132.0,44.0,38.58756276314948,1,0
56,13784.0,12,55.0,72.0,105.0,42.0,20.944370763206678,1,2
57,18102.0,26,8.0,16.0,32.0,12.916666666666666,9.718383080377604,1,1
58,15304.0,63,1.0,55.0,72.0,19.666666666666668,19.200694431886223,1,0
59,14527.0,1,6.0,15.0,21.0,6.428571428571429,2.911389784311005,1,2
60,14573.0,79,3.0,21.0,33.0,20.4,15.789236840328922,1,0
61,15078.0,5,7.0,17.0,30.0,14.666666666666666,10.316212600767903,1,1
62,15719.0,26,24.0,29.0,52.0,19.375,6.696214282285605,1,1
63,13630.0,5,66.0,79.0,140.0,44.0,24.48128536930472,1,2
64,17017.0,57,5.0,43.0,47.0,15.5,15.090204959319994,1,0
65,15281.0,36,9.0,50.0,61.0,20.714285714285715,14.59125635114269,1,0
66,18198.0,0,41.0,57.0,65.0,13.923076923076923,9.490886316721062,1,1
67,17389.0,20,1.0,8.0,10.0,8.05,8.86432827626965,1,1
68,15932.0,7,55.0,58.0,107.0,24.857142857142858,20.358688328971258,1,2
69,18218.0,106,5.0,61.0,75.0,25.0,27.2213151776324,1,0
70,15596.0,0,99.0,106.0,114.0,36.2,41.865260061296645,1,0
71,17416.0,1,8.0,75.0,96.0,30.0,26.351470547200964,1,1
72,17675.0,0,1.0,10.0,22.0,8.227272727272727,4.720086946150545,1,1
73,17652.0,7,37.0,40.0,62.0,21.75,18.714013084164648,1,1
74,13199.0,3,4.0,40.0,69.0,14.833333333333334,11.527306184828609,1,2
75,13476.0,78,7.0,96.0,103.0,34.333333333333336,47.34272207354931,1,0
76,14057.0,0,9.0,15.0,38.0,20.11111111111111,15.053607910102851,1,2
77,17841.0,3,3.0,5.0,9.0,3.423076923076923,1.3187360830400892,1,2
78,18041.0,3,40.0,80.0,110.0,22.25,13.9258239048385,1,1
79,17757.0,14,16.0,38.0,49.0,15.181818181818182,5.913005696228979,1,1
80,15005.0,8,19.0,32.0,40.0,12.357142857142858,4.651007216922817,1,2
81,13014.0,13,52.0,56.0,100.0,21.0,20.354009783964297,1,1
82,15611.0,3,2.0,60.0,74.0,25.428571428571427,25.27091307450223,1,1
83,14702.0,16,39.0,46.0,165.0,55.0,57.688820407423826,1,1
84,13694.0,0,7.0,13.0,22.0,8.181818181818182,4.8857066909639455,1,2
85,14796.0,7,30.0,44.0,65.0,24.714285714285715,10.078265156832726,1,2
86,17001.0,13,60.0,94.0,132.0,41.75,12.284814474246922,1,1
87,15220.0,15,54.0,88.0,111.0,33.0,15.858751527153705,1,0
88,17581.0,0,9.0,42.0,58.0,25.714285714285715,20.564648353540157,1,1
89,15827.0,14,20.0,27.0,65.0,18.444444444444443,15.117135237133315,1,1
90,17315.0,0,8.0,15.0,27.0,9.473684210526315,7.128724531800369,1,2
91,13113.0,13,9.0,49.0,62.0,12.846153846153847,8.830309109785398,1,0
92,16333.0,23,69.0,103.0,117.0,31.4,22.97389823255949,1,1
93,15358.0,20,16.0,58.0,87.0,20.0,14.39245834257849,1,1
94,13491.0,47,100.0,116.0,133.0,44.333333333333336,48.21134029803915,1,0
95,14031.0,26,42.0,70.0,84.0,25.666666666666668,9.437513796899408,1,0
96,17243.0,13,22.0,45.0,65.0,23.571428571428573,16.195237395163872,1,2
97,15465.0,38,21.0,42.0,95.0,17.5,15.76614818436731,1,0
98,14745.0,12,29.0,72.0,166.0,55.333333333333336,34.210134950527944,1,0
99,18223.0,34,9.0,35.0,38.0,18.0,15.583874449479593,1,1
100,14543.0,8,19.0,63.0,74.0,17.0,14.552586635295382,1,1
101,16923.0,52,21.0,35.0,47.0,14.0,7.0710678118654755,1,0
102,15400.0,13,15.0,64.0,71.0,41.25,39.60113634733226,1,1
103,14701.0,72,75.0,94.0,106.0,35.333333333333336,34.530180036213736,1,0
104,14903.0,21,3.0,69.0,71.0,19.625,24.67466890789592,1,0
105,15606.0,19,51.0,103.0,142.0,39.75,16.276260831857748,1,0
106,16033.0,8,7.0,29.0,43.0,21.25,12.441290700153031,1,1
107,13263.0,8,12.0,19.0,41.0,8.947368421052632,4.660396790576317,1,2
108,15696.0,113,5.0,7.0,39.0,13.0,13.656500283747663,1,0
109,16638.0,6,6.0,147.0,151.0,42.75,65.88563323416318,1,2
110,13881.0,7,34.0,56.0,62.0,28.333333333333332,13.125039682479693,1,2
111,13117.0,21,96.0,117.0,156.0,52.0,39.153543900903784,1,0
112,15039.0,14,14.0,28.0,35.0,7.761904761904762,2.4063408300729536,1,2
113,16013.0,9,10.0,28.0,33.0,9.333333333333334,7.443907892087486,1,2
114,14051.0,13,28.0,44.0,60.0,16.4,8.058122196475637,1,1
115,18257.0,14,54.0,77.0,86.0,32.6,28.675773747189456,1,1
116,17381.0,19,8.0,31.0,32.0,15.8,9.2951600308978,1,2
117,16316.0,29,28.0,33.0,77.0,29.6,27.969626382917593,1,1
118,13408.0,0,5.0,6.0,9.0,7.08,4.62709412050371,1,2
119,17139.0,22,49.0,53.0,88.0,31.0,19.761072845369505,1,1
120,14214.0,56,14.0,117.0,118.0,30.25,48.835608593184,1,0
121,13001.0,58,26.0,59.0,81.0,19.833333333333332,8.750238091998792,1,0
122,12839.0,13,20.0,44.0,70.0,32.8,26.166772823563857,1,1
123,17696.0,8,21.0,30.0,40.0,24.142857142857142,30.73233135439273,1,2
124,15290.0,3,3.0,25.0,55.0,24.857142857142858,12.654756305154878,1,1
125,17634.0,22,90.0,92.0,113.0,38.75,37.8714932369982,1,1
126,13458.0,35,34.0,51.0,54.0,20.285714285714285,12.724180205607036,1,1
127,13089.0,0,6.0,9.0,12.0,4.214285714285714,3.008408657094914,1,2
128,15498.0,0,20.0,68.0,71.0,17.7,16.28939668755244,1,2
129,12921.0,28,2.0,5.0,15.0,9.3125,9.85710403719064,1,1
130,13081.0,29,14.0,75.0,88.0,29.6,22.456624857711812,1,0
131,15811.0,5,99.0,100.0,172.0,57.333333333333336,50.61949558552844,1,0
132,15769.0,1,6.0,46.0,54.0,16.0,13.784048752090223,1,2
133,17162.0,31,54.0,59.0,114.0,36.5,23.530122538284125,1,0
134,15752.0,15,34.0,134.0,162.0,54.0,39.949968710876355,1,1
135,13092.0,111,16.0,50.0,66.0,22.0,10.392304845413264,1,0
136,12841.0,6,22.0,39.0,53.0,21.375,8.716773649530133,1,2
137,15974.0,33,51.0,78.0,142.0,36.0,27.36177382164151,1,1
138,13798.0,7,16.0,22.0,36.0,6.538461538461538,3.690319977788043,1,2
139,15291.0,72,8.0,75.0,80.0,15.0,23.08679276123039,1,0
140,16782.0,38,9.0,19.0,66.0,19.857142857142858,14.735767952260145,1,0
141,13468.0,7,14.0,27.0,34.0,8.894736842105264,5.556725023109939,1,2
142,15764.0,0,7.0,29.0,84.0,44.0,37.76241517699841,1,2
143,14709.0,12,18.0,37.0,75.0,32.8,17.711578134090704,1,2
144,17940.0,8,20.0,56.0,91.0,18.666666666666668,12.469963913339926,1,0
145,16779.0,6,42.0,43.0,57.0,18.88888888888889,13.504114599303099,1,1
146,13340.0,5,29.0,40.0,171.0,57.0,64.71475874945375,1,0
147,17419.0,43,106.0,123.0,126.0,33.25,48.856081163624516,1,0
148,14407.0,7,1.0,8.0,26.0,21.125,20.258596059098327,1,0
149,13908.0,26,85.0,88.0,150.0,50.0,42.2965719651132,1,1
150,16710.0,38,69.0,75.0,126.0,34.5,30.44667469527666,1,0
151,13975.0,28,5.0,87.0,145.0,37.0,39.35310237664455,1,0
152,12748.0,1,5.0,6.0,13.0,3.723404255319149,3.0836322995960357,1,2
153,14730.0,7,71.0,125.0,149.0,42.25,24.4455176532086,1,1
154,13777.0,29,20.0,36.0,55.0,13.363636363636363,10.800673379680799,1,1
155,15023.0,16,18.0,43.0,53.0,32.0,20.579115627256677,1,0
156,14367.0,37,14.0,47.0,75.0,23.166666666666668,7.730890418746515,1,0
157,13854.0,6,36.0,51.0,83.0,13.076923076923077,10.873986837567433,1,2
158,16712.0,8,21.0,70.0,104.0,33.6,12.680693987317888,1,2
159,14426.0,40,8.0,38.0,136.0,45.333333333333336,46.91836882643442,1,0
160,17306.0,28,14.0,29.0,43.0,18.5,14.61897006338975,1,1
161,17049.0,17,31.0,40.0,97.0,39.5,24.296776192189228,1,1
162,13267.0,10,41.0,48.0,80.0,20.625,12.270027360546978,1,2
163,14032.0,68,32.0,38.0,57.0,17.833333333333332,12.687263955111309,1,0
164,14825.0,27,42.0,77.0,148.0,49.333333333333336,19.08751773629388,1,1
165,17450.0,0,8.0,14.0,34.0,11.666666666666666,8.820970684087088,1,2
166,14534.0,19,16.0,35.0,50.0,17.333333333333332,7.648529270389178,1,1
167,14112.0,13,9.0,17.0,90.0,27.0,31.285779517218362,1,0
168,15502.0,23,41.0,147.0,152.0,50.666666666666664,51.189191567491406,1,1
169,16572.0,27,7.0,24.0,148.0,49.333333333333336,64.8562513049693,1,0
170,17238.0,36,20.0,48.0,70.0,23.166666666666668,13.717385562368168,1,0
171,15529.0,42,68.0,105.0,117.0,33.25,25.630385612913955,1,0
172,14344.0,27,10.0,79.0,129.0,37.0,27.36177382164151,1,0
173,15379.0,69,17.0,39.0,106.0,35.333333333333336,27.537852736430512,1,0
174,13078.0,0,6.0,13.0,16.0,11.666666666666666,8.312354545809393,1,2
175,16945.0,13,20.0,51.0,88.0,32.4,14.117365193264641,1,2
176,14085.0,41,34.0,57.0,118.0,26.8,22.587607221660285,1,0
177,15581.0,20,2.0,10.0,36.0,19.375,18.53134410359147,1,0
178,16419.0,12,16.0,56.0,161.0,40.75,45.61706552011721,1,0
179,17730.0,6,16.0,57.0,79.0,33.8,13.935566009315876,1,1
180,14291.0,13,7.0,59.0,97.0,40.5,24.906491790963525,1,1
181,13538.0,20,28.0,63.0,154.0,51.333333333333336,34.530180036213736,1,1
182,13953.0,15,49.0,95.0,159.0,53.0,9.643650760992955,1,0
183,15632.0,21,21.0,61.0,104.0,25.5,14.293355099485915,1,0
184,15838.0,6,2.0,15.0,59.0,18.666666666666668,13.656500283747663,1,1
185,17377.0,26,47.0,129.0,148.0,49.333333333333336,31.564748269760262,1,1
186,15939.0,7,9.0,27.0,73.0,20.875,12.088217403736582,1,2
187,18183.0,117,9.0,43.0,49.0,11.2,13.065221008463652,1,0
188,16553.0,63,42.0,69.0,78.0,27.75,13.937359864766353,1,0
189,16359.0,75,15.0,38.0,67.0,24.5,7.187952884282608,1,0
190,14227.0,85,11.0,33.0,50.0,14.833333333333334,4.622409184253019,1,0
191,14334.0,22,81.0,111.0,145.0,38.0,31.03761159195941,1,1
192,13102.0,33,21.0,40.0,65.0,17.625,6.717514421272202,1,0
193,14211.0,107,20.0,27.0,31.0,16.75,14.591664287073861,1,0
194,14713.0,26,59.0,91.0,140.0,36.75,22.75045787085028,1,1
195,14667.0,13,14.0,31.0,58.0,17.88888888888889,11.362707032706208,1,2
196,16745.0,19,11.0,24.0,43.0,15.5,7.168604389202189,1,2
197,14854.0,33,31.0,36.0,94.0,28.2,19.253571097331527,1,0
198,13871.0,12,22.0,50.0,94.0,27.0,9.919677414109795,1,2
199,14064.0,12,98.0,127.0,140.0,40.25,39.050181390957285,1,0
200,16743.0,12,13.0,42.0,98.0,40.25,23.34345018772218,1,0
201,15738.0,9,47.0,74.0,95.0,23.571428571428573,13.189100839419682,1,2
202,15093.0,16,83.0,90.0,158.0,52.666666666666664,40.253364248635584,1,0
203,14056.0,7,14.0,15.0,21.0,10.4375,6.801654210557899,1,1
204,16558.0,21,13.0,17.0,55.0,15.2,13.323329580518193,1,1
205,16817.0,75,10.0,43.0,73.0,16.333333333333332,12.044362443345296,1,0
206,16912.0,34,66.0,73.0,139.0,46.333333333333336,34.06366588218792,1,0
207,15513.0,6,30.0,69.0,93.0,27.833333333333332,14.579666205598354,1,2
208,13098.0,13,14.0,21.0,27.0,8.88888888888889,6.304889688720026,1,2
209,13842.0,55,44.0,72.0,118.0,39.333333333333336,9.865765724632494,1,0
210,14329.0,8,28.0,56.0,119.0,33.0,20.784609690826525,1,0
211,13654.0,45,56.0,97.0,128.0,42.666666666666664,12.583057392117917,1,0
212,16652.0,0,9.0,112.0,140.0,43.25,41.15316917727398,1,1
213,16801.0,63,29.0,38.0,90.0,27.5,18.266545011760343,1,0
214,14083.0,26,7.0,73.0,147.0,49.0,36.59234892706397,1,0
215,17800.0,17,42.0,44.0,100.0,39.0,25.534290669607408,1,1
216,14587.0,84,29.0,63.0,75.0,22.25,10.90489186863706,1,0
217,13305.0,15,30.0,130.0,158.0,52.666666666666664,41.00406483915141,1,2
218,17975.0,14,20.0,29.0,44.0,26.166666666666668,13.526517166908365,1,1
219,14800.0,9,29.0,82.0,111.0,32.4,20.292855885754474,1,1
220,14810.0,3,42.0,95.0,137.0,33.6,17.155174146594955,1,0
221,13700.0,76,64.0,65.0,95.0,31.666666666666668,31.533051443419385,1,0
222,15547.0,10,84.0,133.0,161.0,53.666666666666664,28.290163190291665,1,2
223,14502.0,49,85.0,86.0,122.0,40.666666666666664,42.19399641339196,1,0
224,17611.0,17,6.0,38.0,52.0,25.666666666666668,13.03329070751768,1,1
225,15671.0,21,5.0,121.0,146.0,29.8,49.17011287357392,1,1
226,15125.0,12,16.0,22.0,31.0,12.076923076923077,9.376046950088101,1,0
227,16871.0,98,12.0,57.0,72.0,24.0,18.24828759089466,1,0
228,15159.0,12,24.0,44.0,59.0,15.8,10.891382934330341,1,1
229,12901.0,0,8.0,23.0,33.0,8.095238095238095,5.2144487906658155,1,2
230,13225.0,43,53.0,110.0,127.0,42.333333333333336,22.03028218914441,1,0
231,14395.0,77,45.0,69.0,93.0,31.0,12.12435565298214,1,0
232,16353.0,3,39.0,114.0,167.0,55.666666666666664,18.14754345175493,1,2
233,13319.0,13,7.0,21.0,35.0,14.272727272727273,11.028063375687582,1,1
234,14733.0,10,31.0,34.0,60.0,32.0,22.572106680591425,1,0
235,14060.0,8,22.0,37.0,75.0,23.142857142857142,9.839183086492689,1,2
236,16150.0,17,11.0,150.0,153.0,51.0,76.31513611335565,1,1
237,16570.0,27,11.0,34.0,35.0,23.833333333333332,24.806585147227874,1,0
238,17799.0,63,6.0,79.0,107.0,35.666666666666664,34.151622704248375,1,0
239,13082.0,26,31.0,50.0,108.0,23.833333333333332,19.312344929258764,1,0
240,16156.0,49,2.0,6.0,57.0,24.0,27.97320146139873,1,0
241,12931.0,0,1.0,20.0,27.0,28.166666666666668,26.917776034930274,1,1
242,18260.0,72,28.0,33.0,68.0,24.25,13.200378782444085,1,0
243,17954.0,23,39.0,61.0,103.0,29.2,15.610893632332521,1,0
244,16168.0,3,12.0,25.0,42.0,13.833333333333334,9.71253485622231,1,2
245,15106.0,36,5.0,75.0,133.0,44.333333333333336,34.58805188693537,1,0
246,13971.0,6,3.0,72.0,105.0,27.166666666666668,29.164476108215396,1,1
247,14092.0,31,39.0,65.0,105.0,34.5,6.454972243679028,1,1
248,15150.0,9,19.0,46.0,77.0,40.0,29.097537123726926,1,1
249,16996.0,7,14.0,138.0,162.0,54.0,60.8276253029822,1,0
250,15867.0,13,30.0,70.0,83.0,31.2,12.716131487209466,1,1
251,14735.0,10,23.0,66.0,86.0,17.666666666666668,12.806248474865697,1,2
252,14226.0,99,11.0,68.0,70.0,23.333333333333332,29.501412395567325,1,0
253,18144.0,9,47.0,103.0,118.0,40.0,17.644640357154728,1,1
254,16297.0,112,37.0,54.0,56.0,18.666666666666668,17.559422921421234,1,0
255,12994.0,7,13.0,156.0,161.0,53.666666666666664,77.46827307571361,1,0
256,18231.0,92,43.0,48.0,76.0,25.333333333333332,19.139836293274122,1,0
257,16029.0,7,6.0,7.0,19.0,7.318181818181818,5.276961279592673,1,2
258,17511.0,14,9.0,13.0,28.0,9.625,7.940403012442126,1,1
259,13668.0,13,23.0,28.0,53.0,14.090909090909092,7.077493136055244,1,0
260,13027.0,13,42.0,44.0,120.0,38.75,30.34660881658224,1,0
261,17858.0,16,3.0,52.0,145.0,38.0,42.15843134336634,1,1
262,15694.0,76,11.0,27.0,70.0,23.0,14.071247279470288,1,0
263,17504.0,106,2.0,7.0,11.0,15.5,23.69950773047125,1,0
264,14505.0,9,95.0,104.0,159.0,53.0,43.034869582700026,1,0
265,14572.0,10,37.0,144.0,158.0,52.666666666666664,48.43896503160791,1,0
266,12955.0,6,37.0,58.0,59.0,23.0,17.804493814764857,1,2
267,16523.0,15,14.0,26.0,39.0,15.2,6.762642481555072,1,2
268,17716.0,23,54.0,126.0,144.0,48.0,27.49545416973504,1,1
269,15301.0,7,6.0,40.0,65.0,22.857142857142858,11.4953406710222,1,1
270,12989.0,57,43.0,81.0,109.0,27.5,18.734993995195193,1,0
271,13268.0,69,29.0,50.0,72.0,19.6,6.767569726275452,1,0
272,14462.0,20,25.0,65.0,92.0,29.4,19.67993902429578,1,1
273,16746.0,0,19.0,44.0,61.0,23.857142857142858,7.128079952520442,1,2
274,13631.0,33,9.0,30.0,43.0,22.166666666666668,20.32158130330085,1,1
275,13394.0,15,36.0,99.0,152.0,50.666666666666664,13.650396819628845,1,1
276,14298.0,23,18.0,42.0,67.0,14.4,10.297788327813135,1,1
277,15648.0,104,44.0,50.0,63.0,21.0,20.223748416156685,1,0
278,13969.0,7,20.0,34.0,62.0,22.857142857142858,9.702724212449674,1,1
279,17725.0,0,12.0,45.0,76.0,18.555555555555557,12.440971737681014,1,1
280,15854.0,40,32.0,64.0,68.0,31.5,22.052966542697455,1,0
281,14110.0,19,30.0,52.0,101.0,29.4,11.502173707608488,1,1
282,17857.0,9,11.0,63.0,97.0,19.625,16.465873800075112,1,2
283,16672.0,12,10.0,15.0,22.0,10.266666666666667,6.870918702002215,1,2
284,13090.0,12,24.0,63.0,126.0,38.5,17.52141546793523,1,1
285,16626.0,13,14.0,30.0,55.0,21.857142857142858,26.403462976338105,1,1
286,14194.0,6,1.0,8.0,28.0,13.333333333333334,14.367471678212642,1,2
287,14315.0,29,5.0,25.0,62.0,34.25,30.148244835589793,1,0
288,16684.0,33,5.0,39.0,50.0,22.166666666666668,12.15593133686871,1,0
289,14282.0,9,7.0,53.0,67.0,22.428571428571427,16.399767710317757,1,1
290,16656.0,16,4.0,6.0,27.0,18.75,17.67766952966369,1,2
291,15065.0,64,63.0,93.0,102.0,34.0,27.2213151776324,1,0
292,13593.0,8,54.0,155.0,156.0,52.0,50.02999100539596,1,0
293,12948.0,0,5.0,114.0,160.0,41.0,49.37610758251404,1,1
294,18229.0,10,28.0,37.0,61.0,19.25,6.627863262664026,1,2
295,13911.0,44,5.0,53.0,71.0,24.0,16.077935190813527,1,0
296,15938.0,12,89.0,136.0,152.0,50.666666666666664,36.637867477970566,1,0
297,13725.0,69,56.0,88.0,95.0,31.666666666666668,24.5017006212494,1,0
298,14258.0,48,3.0,51.0,97.0,29.0,21.802140567690444,1,0
299,18225.0,0,13.0,49.0,96.0,23.428571428571427,20.614373164187676,1,2
300,14217.0,55,14.0,29.0,44.0,18.166666666666668,10.342469079802301,1,0
301,14232.0,15,22.0,68.0,71.0,29.8,28.542950092798748,1,0
302,14769.0,8,33.0,93.0,156.0,52.0,16.522711641858304,1,1
303,13985.0,7,13.0,20.0,49.0,22.428571428571427,16.420080621575757,1,1
304,16115.0,17,63.0,95.0,147.0,49.0,15.716233645501712,1,1
305,15140.0,15,76.0,83.0,119.0,37.25,28.698141635536846,1,1
306,12843.0,59,9.0,18.0,27.0,17.5,14.963288408635316,1,0
307,14408.0,30,41.0,59.0,108.0,33.5,14.059397805975427,1,1
308,17690.0,1,85.0,86.0,100.0,32.6,33.590177135585336,1,1
309,15669.0,3,66.0,73.0,160.0,53.333333333333336,41.47690120215508,1,0
310,13021.0,57,9.0,58.0,106.0,35.333333333333336,22.810816147900834,1,0
311,15615.0,5,8.0,16.0,49.0,13.166666666666666,8.850612031567836,1,1
312,14245.0,76,21.0,43.0,79.0,21.75,11.4418821295566,1,0
313,15218.0,16,21.0,62.0,101.0,36.75,10.90489186863706,1,1
314,14659.0,45,42.0,72.0,118.0,39.333333333333336,8.32666399786453,1,0
315,15299.0,23,41.0,60.0,116.0,35.0,16.87206764645835,1,0
316,15855.0,36,47.0,70.0,104.0,31.75,11.412712210513327,1,0
317,17204.0,69,6.0,66.0,72.0,18.8,23.689660191737662,1,0
318,18008.0,103,29.0,39.0,57.0,15.0,11.16542281629615,1,0
319,17231.0,26,64.0,89.0,137.0,45.666666666666664,19.604421270043485,1,0
320,15044.0,36,40.0,71.0,105.0,31.5,7.937253933193772,1,0
321,14875.0,7,34.0,153.0,155.0,51.666666666666664,60.4676221901716,1,0
322,17613.0,17,52.0,77.0,110.0,29.0,15.313392831113555,1,1
323,14711.0,9,53.0,76.0,92.0,21.857142857142858,14.217695212053785,1,2
324,13050.0,0,6.0,21.0,36.0,16.2,16.088643337598246,1,1
325,17705.0,0,6.0,37.0,56.0,32.2,21.04043725781382,1,1
326,15410.0,29,43.0,74.0,76.0,26.4,15.12613632095123,1,1
327,13148.0,7,26.0,52.0,72.0,30.8,12.833549781724463,1,0
328,13576.0,7,6.0,31.0,54.0,19.25,9.067209367511357,1,2
329,15021.0,56,19.0,62.0,105.0,35.0,13.856406460551018,1,0
330,16859.0,6,34.0,35.0,38.0,38.75,54.31006659297458,1,0
331,17519.0,33,40.0,73.0,128.0,42.666666666666664,11.239810200058244,1,0
332,16713.0,15,28.0,57.0,120.0,20.857142857142858,21.287152396289578,1,1
333,13534.0,0,7.0,28.0,29.0,8.05,7.141244178786539,1,1
334,14794.0,103,50.0,51.0,58.0,19.333333333333332,26.72701504720146,1,0
335,17512.0,21,33.0,79.0,97.0,34.75,12.41974234837422,1,0
336,17644.0,17,3.0,32.0,61.0,17.875,10.204165815979275,1,1
337,13636.0,22,126.0,130.0,138.0,46.0,69.31089380465383,1,0
338,16265.0,10,48.0,108.0,150.0,50.0,9.16515138991168,1,0
339,13183.0,1,34.0,56.0,107.0,39.75,14.430869689661812,1,2
340,13488.0,20,21.0,24.0,56.0,20.0,15.88500340992514,1,1
341,14267.0,50,4.0,12.0,90.0,22.0,31.47220996371243,1,0
342,15144.0,13,24.0,42.0,104.0,29.4,22.952124084711635,1,2
343,16904.0,8,13.0,22.0,39.0,19.0,14.91882798920306,1,2
344,13069.0,19,8.0,31.0,61.0,12.818181818181818,9.38954931632165,1,2
345,16700.0,21,29.0,40.0,51.0,13.9,7.233410137841088,1,1
346,16767.0,13,22.0,69.0,106.0,36.75,10.65754818583211,1,2
347,18109.0,10,17.0,28.0,38.0,13.636363636363637,9.861771922659003,1,2
348,16458.0,6,17.0,32.0,64.0,21.857142857142858,6.866065623255952,1,2
349,15815.0,40,72.0,105.0,119.0,39.666666666666664,29.56912804486012,1,0
350,14209.0,21,19.0,85.0,92.0,34.5,26.589471600616662,1,0
351,13695.0,19,9.0,18.0,38.0,15.555555555555555,6.085045421176228,1,1
352,13097.0,22,16.0,51.0,111.0,34.25,18.83923211457056,1,1
353,14758.0,44,61.0,81.0,115.0,38.333333333333336,20.840665376454115,1,0
354,13662.0,82,9.0,25.0,30.0,15.4,16.133815419794537,1,0
355,13327.0,12,24.0,32.0,73.0,36.75,28.253318389173334,1,0
356,13743.0,7,8.0,43.0,48.0,30.4,23.985412233272122,1,2
357,14472.0,3,28.0,49.0,84.0,38.5,21.763884457207237,1,0
358,16701.0,29,19.0,21.0,22.0,14.222222222222221,11.776860551286344,1,0
359,14878.0,73,7.0,28.0,84.0,28.0,25.238858928247925,1,0
360,16931.0,3,28.0,42.0,56.0,17.11111111111111,6.173419725817377,1,1
361,12877.0,24,53.0,76.0,94.0,26.6,18.06377590649308,1,1
362,14755.0,12,30.0,64.0,93.0,28.8,16.991174179555692,1,1
363,13481.0,8,84.0,141.0,148.0,49.333333333333336,39.06831623366092,1,1
364,17314.0,48,21.0,106.0,108.0,36.0,43.485629810317796,1,0
365,14410.0,41,65.0,108.0,112.0,28.75,30.510927004381013,1,1
366,13266.0,6,6.0,52.0,79.0,15.0,13.05543735171076,1,1
367,13552.0,23,3.0,42.0,56.0,19.0,14.27118308573843,1,1
368,15033.0,9,14.0,50.0,99.0,36.75,16.276260831857748,1,0
369,14159.0,44,5.0,25.0,43.0,28.0,28.130647581122858,1,1
370,15249.0,7,12.0,20.0,36.0,14.9,10.608696642116055,1,2
371,15624.0,16,19.0,90.0,140.0,46.666666666666664,26.159765544311234,1,0
372,15874.0,77,40.0,68.0,72.0,19.75,17.211914478058507,1,0
373,16814.0,8,22.0,47.0,68.0,18.5,4.105745103771404,1,2
374,12957.0,86,18.0,63.0,70.0,23.333333333333332,19.55334583474995,1,0
375,18177.0,57,47.0,75.0,76.0,24.5,18.947295321496416,1,0
376,18226.0,20,15.0,39.0,65.0,19.285714285714285,6.575568054403759,1,1
377,13769.0,13,9.0,41.0,94.0,23.666666666666668,17.546129677700055,1,1
378,17719.0,6,2.0,7.0,9.0,10.642857142857142,8.616684556559603,1,2
379,15129.0,6,20.0,31.0,70.0,21.285714285714285,14.896468101693163,1,0
380,14680.0,21,14.0,33.0,57.0,19.142857142857142,10.976164652381563,1,1
381,12888.0,114,6.0,38.0,41.0,13.666666666666666,15.947831618540913,1,0
382,15628.0,22,6.0,60.0,133.0,44.333333333333336,34.53018003621373,1,1
383,16607.0,7,21.0,22.0,34.0,24.666666666666668,22.82688473416087,1,1
384,17364.0,37,67.0,80.0,118.0,39.333333333333336,27.02468007827906,1,0
385,16011.0,19,25.0,57.0,65.0,27.2,14.989996664442591,1,2
386,13588.0,20,3.0,16.0,135.0,45.0,64.28063471995279,1,2
387,14189.0,7,6.0,50.0,93.0,18.5,17.574331932029246,1,2
388,15521.0,48,64.0,66.0,100.0,26.5,28.7691964897643,1,0
389,13720.0,16,62.0,122.0,138.0,46.0,26.0,1,0
390,15674.0,113,2.0,27.0,35.0,10.25,10.1447851956888,1,0
391,13999.0,15,20.0,41.0,56.0,23.166666666666668,12.122980931547596,1,2
392,16218.0,14,24.0,71.0,92.0,35.0,14.491376746189438,1,0
393,14099.0,20,37.0,50.0,98.0,33.5,14.708274315273474,1,0
394,15373.0,15,58.0,95.0,139.0,46.333333333333336,10.692676621563626,1,0
395,13988.0,62,34.0,38.0,92.0,30.666666666666668,25.166114784235834,1,0
396,17220.0,26,30.0,80.0,128.0,42.666666666666664,11.015141094572202,1,1
397,13728.0,7,27.0,91.0,147.0,49.0,19.467922333931785,1,0
398,16949.0,79,6.0,39.0,75.0,25.0,16.522711641858304,1,0
399,13047.0,13,4.0,14.0,41.0,20.142857142857142,15.115428888264814,1,0
400,15812.0,7,44.0,82.0,147.0,49.0,14.177446878757825,1,0
401,15981.0,37,31.0,73.0,104.0,29.25,12.010412149464313,1,0
402,15785.0,57,33.0,40.0,97.0,32.333333333333336,25.006665778014735,1,0
403,16092.0,14,71.0,83.0,140.0,46.666666666666664,30.8274769213008,1,2
404,17677.0,0,27.0,34.0,36.0,12.833333333333334,11.784684462419342,1,2
405,17400.0,26,84.0,127.0,128.0,42.666666666666664,41.50100400391939,1,0
406,16398.0,44,10.0,82.0,109.0,36.333333333333336,32.036437588054845,1,0
407,16401.0,17,5.0,14.0,26.0,19.428571428571427,15.153186055052831,1,2
408,15856.0,0,3.0,15.0,40.0,17.0,10.851267207105352,1,2
409,13571.0,27,15.0,57.0,65.0,25.2,13.809417076763232,1,1
410,12909.0,91,6.0,10.0,62.0,20.666666666666668,27.15388247255507,1,0
411,14952.0,58,48.0,49.0,95.0,31.666666666666668,26.57693235370353,1,0
412,16681.0,44,61.0,83.0,109.0,36.333333333333336,21.455380055672126,1,0
413,17071.0,34,53.0,100.0,105.0,29.75,23.79600806858159,1,1
414,18037.0,54,71.0,82.0,99.0,33.0,33.04542328371661,1,0
415,17861.0,36,19.0,20.0,117.0,39.0,51.02940328869229,1,0
416,17735.0,8,19.0,35.0,46.0,14.5,7.633988327065858,1,2
417,13883.0,100,11.0,18.0,53.0,17.666666666666668,15.14375558880073,1,0
418,18172.0,21,6.0,13.0,27.0,16.5,13.65911521920174,1,1
419,14525.0,0,20.0,82.0,85.0,30.6,24.470390270692455,1,0
420,16365.0,23,17.0,27.0,130.0,43.333333333333336,51.79124765183142,1,0
421,16609.0,22,13.0,28.0,75.0,26.0,13.92838827718412,1,1
422,16180.0,0,20.0,27.0,28.0,19.0,11.807987611298186,1,0
423,15860.0,24,20.0,108.0,128.0,42.666666666666664,39.25981830489455,1,1
424,16592.0,36,47.0,63.0,65.0,23.2,16.452963258939103,1,0
425,13184.0,30,17.0,21.0,54.0,20.333333333333332,15.068731421943477,1,0
426,15601.0,22,48.0,81.0,130.0,43.333333333333336,8.962886439832502,1,1
427,12949.0,14,16.0,92.0,131.0,27.6,30.74573141104306,1,0
428,16928.0,1,12.0,19.0,25.0,15.1,6.172519744804387,1,2
429,13418.0,24,32.0,39.0,40.0,16.0,16.86077442722351,1,1
430,15356.0,5,50.0,70.0,113.0,36.75,12.945398152754258,1,1
431,17629.0,20,51.0,94.0,130.0,43.333333333333336,7.505553499465134,1,0
432,13269.0,9,41.0,70.0,104.0,23.5,13.442470011125186,1,1
433,17669.0,22,48.0,88.0,117.0,31.75,16.45954636879968,1,1
434,14895.0,0,10.0,45.0,76.0,24.833333333333332,15.038838607640773,1,2
435,13004.0,14,19.0,54.0,56.0,15.0,12.349089035228468,1,1
436,17114.0,38,28.0,70.0,105.0,27.75,15.58578412100805,1,0
437,17848.0,28,13.0,20.0,41.0,30.25,33.658827470169946,1,1
438,12951.0,63,10.0,41.0,85.0,28.333333333333332,17.15614564327703,1,0
439,14849.0,19,22.0,57.0,87.0,25.8,11.77709641634983,1,1
440,13013.0,7,16.0,27.0,40.0,20.142857142857142,19.961868411453636,1,2
441,16919.0,56,22.0,36.0,43.0,11.5,5.830951894845301,1,0
442,15727.0,7,36.0,91.0,141.0,47.0,9.848857801796104,1,0
443,16170.0,12,22.0,63.0,71.0,27.2,18.212632978237934,1,0
444,16696.0,35,68.0,78.0,113.0,37.666666666666664,29.091808698211484,1,0
445,16161.0,37,3.0,32.0,61.0,22.0,14.0,1,1
446,17682.0,15,28.0,76.0,77.0,33.0,24.20743687382041,1,0
447,16241.0,14,7.0,24.0,63.0,26.6,13.885243966167826,1,2
448,17440.0,47,9.0,92.0,100.0,33.333333333333336,43.015501081974314,1,0
449,15201.0,21,1.0,5.0,79.0,21.0,29.010342983149993,1,1
450,14403.0,30,11.0,87.0,105.0,29.25,31.31958918419376,1,0
451,17042.0,21,33.0,75.0,126.0,42.0,9.0,1,0
452,18272.0,13,37.0,99.0,112.0,33.25,21.608254595562936,1,0
453,14961.0,54,64.0,78.0,87.0,23.0,27.58018612458347,1,0
454,13752.0,24,31.0,60.0,84.0,24.4,10.737783756436894,1,0
455,16209.0,19,60.0,67.0,127.0,42.333333333333336,30.599564267050166,1,1
456,17790.0,20,13.0,30.0,78.0,25.2,16.02186006679624,1,0
457,16255.0,23,8.0,19.0,22.0,30.75,46.94944089123959,1,1
458,18061.0,7,44.0,75.0,99.0,34.5,8.812869377601524,1,1
459,13995.0,15,26.0,127.0,130.0,43.333333333333336,51.24776417887256,1,0
460,16133.0,0,1.0,7.0,8.0,6.041666666666667,7.503501598046344,1,2
461,16837.0,57,35.0,40.0,55.0,12.571428571428571,10.612212192518939,1,0
462,15114.0,16,32.0,66.0,101.0,32.25,3.095695936834451,1,1
463,13178.0,33,15.0,38.0,70.0,22.4,9.370165420097981,1,0
464,17809.0,29,15.0,39.0,43.0,23.2,15.287249589118376,1,0
465,17054.0,34,3.0,73.0,101.0,27.75,30.07074990750979,1,0
466,17268.0,7,43.0,136.0,138.0,46.0,45.574115460423364,1,0
467,16556.0,5,57.0,96.0,140.0,46.666666666666664,9.29157324317757,1,1
468,16873.0,27,64.0,70.0,107.0,29.5,26.714540360385516,1,0
469,15955.0,6,14.0,85.0,97.0,34.25,27.62094615806393,1,1
470,13232.0,80,16.0,28.0,63.0,21.0,12.288205727444508,1,0
471,13610.0,10,35.0,77.0,133.0,44.333333333333336,10.692676621563628,1,0
472,17069.0,50,5.0,76.0,92.0,30.666666666666668,35.3600527903075,1,0
473,17340.0,13,7.0,38.0,56.0,25.8,16.084153692376855,1,1
474,15737.0,47,39.0,42.0,93.0,23.75,25.024987512484397,1,0
475,16407.0,10,28.0,84.0,132.0,44.0,14.422205101855956,1,1
476,13549.0,42,8.0,50.0,57.0,20.0,19.761072845369505,1,0
477,14696.0,19,64.0,68.0,123.0,41.0,32.357379374726875,1,1
478,16186.0,3,17.0,39.0,68.0,23.0,5.440588203494177,1,1
479,15251.0,6,7.0,21.0,36.0,16.875,8.967202143685302,1,2
480,17160.0,9,27.0,49.0,116.0,33.0,23.108440016582687,1,0
481,16705.0,40,4.0,59.0,67.0,20.2,20.70507184242547,1,1
482,14738.0,30,3.0,69.0,81.0,27.75,27.861263431510064,1,0
483,16729.0,14,12.0,19.0,28.0,9.071428571428571,4.066075138627794,1,2
484,14289.0,34,42.0,65.0,107.0,35.666666666666664,10.96965511460289,1,0
485,13717.0,28,44.0,105.0,112.0,37.333333333333336,27.610384519838426,1,0
486,18236.0,29,26.0,57.0,111.0,37.0,14.933184523068078,1,1
487,15134.0,27,50.0,86.0,113.0,37.666666666666664,11.590225767142474,1,0
488,15046.0,27,39.0,46.0,67.0,22.6,16.531787562148264,1,1
489,16966.0,63,2.0,7.0,34.0,15.4,15.142654985173506,1,0
490,14062.0,12,32.0,64.0,127.0,32.0,25.311394008759507,1,2
491,15640.0,21,3.0,19.0,64.0,23.8,18.26745740380965,1,1
492,18178.0,13,15.0,106.0,127.0,42.333333333333336,42.2532050066422,1,0
493,13629.0,36,6.0,37.0,74.0,25.75,13.59840676942217,1,1
494,16187.0,13,14.0,56.0,90.0,25.2,12.45792920191795,1,2
495,14040.0,17,18.0,54.0,66.0,24.4,9.838699100999074,1,1
496,15271.0,16,13.0,46.0,64.0,20.5,7.12039324756716,1,1
497,12853.0,7,27.0,107.0,132.0,44.0,31.192947920964443,1,0
498,13317.0,82,15.0,52.0,56.0,18.666666666666668,16.802777548171413,1,0
499,16249.0,12,25.0,89.0,127.0,42.333333333333336,19.85782801147531,1,0
500,16393.0,42,14.0,43.0,73.0,24.25,7.32006375199925,1,1
501,13590.0,40,9.0,58.0,98.0,32.666666666666664,20.984120980716188,1,0
502,16806.0,3,66.0,117.0,136.0,45.333333333333336,24.006943440041116,1,0
503,18171.0,58,4.0,76.0,80.0,26.666666666666668,39.25981830489455,1,0
504,14323.0,14,76.0,119.0,124.0,41.333333333333336,35.52933060632206,1,0
505,13993.0,0,45.0,105.0,126.0,34.5,21.97726097583591,1,2
506,15027.0,68,30.0,51.0,66.0,17.5,10.908712114635714,1,0
507,13742.0,62,3.0,17.0,22.0,12.666666666666666,10.74554171117802,1,0
508,17346.0,3,75.0,84.0,101.0,33.75,29.409465596414137,1,1
509,17920.0,5,31.0,35.0,56.0,26.2,14.166862743741113,1,1
510,13692.0,103,10.0,17.0,33.0,11.0,4.58257569495584,1,0
511,15555.0,3,55.0,72.0,73.0,22.166666666666668,19.538850187937538,1,1
512,15491.0,0,79.0,82.0,118.0,33.75,33.059290171851345,1,2
513,17284.0,20,46.0,57.0,115.0,38.333333333333336,24.419937209856485,1,0
514,16550.0,8,47.0,56.0,77.0,31.75,19.98958061924595,1,0
515,17338.0,14,47.0,91.0,121.0,40.333333333333336,9.073771725877465,1,0
516,15625.0,0,3.0,28.0,30.0,22.5,24.28785704832767,1,0
517,18219.0,49,19.0,65.0,86.0,28.666666666666668,15.044378795195678,1,0
518,15508.0,89,30.0,36.0,46.0,15.333333333333334,12.858201014657274,1,0
519,16654.0,41,46.0,79.0,94.0,31.333333333333332,15.56705923844749,1,0
520,16628.0,6,23.0,29.0,112.0,32.0,34.708308323320324,1,0
521,12947.0,43,28.0,39.0,40.0,15.166666666666666,11.19672571186178,1,0
522,17663.0,54,44.0,78.0,80.0,26.666666666666668,21.93931022920578,1,0
523,14201.0,49,37.0,58.0,62.0,17.0,13.765899897936205,1,0
524,14415.0,23,38.0,59.0,75.0,27.75,10.90489186863706,1,1
525,16098.0,28,29.0,57.0,106.0,35.333333333333336,11.846237095944574,1,1
526,15260.0,0,41.0,42.0,86.0,26.6,17.812916661793487,1,0
527,16103.0,57,29.0,69.0,76.0,25.333333333333332,16.802777548171413,1,0
528,14776.0,5,39.0,66.0,70.0,25.6,16.303373883954205,1,0
529,15805.0,6,57.0,69.0,79.0,18.142857142857142,19.35138730107458,1,1
530,17115.0,79,3.0,47.0,54.0,18.0,22.60530911091463,1,0
531,17402.0,1,11.0,65.0,82.0,33.0,22.135943621178654,1,2
532,17061.0,10,37.0,58.0,82.0,17.428571428571427,11.207990347026874,1,1
533,18283.0,48,21.0,30.0,52.0,21.0,9.41629792788369,1,0
534,13862.0,8,46.0,77.0,79.0,31.0,20.51016008388688,1,1
535,14562.0,26,21.0,56.0,105.0,35.0,14.0,1,1
536,16722.0,6,34.0,50.0,77.0,20.166666666666668,8.886319072972041,1,2
537,13209.0,7,21.0,36.0,113.0,30.0,31.85383284106744,1,0
538,16942.0,36,20.0,40.0,53.0,18.2,8.318653737234168,1,0
539,14640.0,27,20.0,43.0,98.0,25.0,22.045407685048602,1,0
540,14078.0,1,83.0,112.0,125.0,41.666666666666664,36.67878587594378,1,0
541,18077.0,3,17.0,70.0,123.0,41.0,20.784609690826528,1,0
542,12840.0,43,39.0,71.0,75.0,16.6,17.558473737771173,1,0
543,16145.0,13,10.0,30.0,37.0,16.142857142857142,13.471309902017342,1,2
544,15768.0,15,88.0,91.0,110.0,36.666666666666664,45.17004907384243,1,0
545,15845.0,34,10.0,45.0,76.0,22.75,12.120918557051139,1,1
546,15708.0,34,4.0,84.0,88.0,29.333333333333332,43.87862045841156,1,0
547,14191.0,8,13.0,25.0,54.0,16.0,8.563488385776754,1,1
548,17422.0,36,6.0,44.0,81.0,21.0,19.096247449870006,1,1
549,15382.0,79,5.0,31.0,40.0,13.333333333333334,11.150485789118488,1,0
550,13012.0,48,31.0,64.0,65.0,17.75,16.600702796367788,1,0
551,15128.0,26,38.0,42.0,73.0,15.5,15.501612819316577,1,0
552,15987.0,20,28.0,79.0,99.0,33.0,16.09347693943108,1,0
553,16258.0,27,9.0,42.0,92.0,30.666666666666668,20.5993527406405,1,0
554,17429.0,20,8.0,65.0,98.0,32.666666666666664,24.5017006212494,1,0
555,17522.0,38,45.0,68.0,80.0,26.666666666666668,16.802777548171413,1,0
556,13450.0,24,37.0,80.0,94.0,31.333333333333332,15.30795000427338,1,1
557,18241.0,6,3.0,6.0,9.0,11.1,13.270267518026907,1,2
558,14145.0,33,23.0,25.0,84.0,28.0,28.827070610799147,1,0
559,15796.0,9,77.0,78.0,91.0,26.5,34.22961680572347,1,1
560,18142.0,51,6.0,60.0,64.0,21.333333333333332,28.307831660749525,1,0
561,15518.0,23,1.0,11.0,34.0,18.4,22.78815481779953,1,0
562,14188.0,0,6.0,9.0,54.0,28.5,28.407745422683583,1,1
563,17612.0,12,28.0,36.0,94.0,25.5,23.62907813126304,1,2
564,16326.0,17,42.0,56.0,97.0,32.333333333333336,15.88500340992514,1,1
565,17723.0,26,28.0,45.0,64.0,17.4,7.021395872616783,1,0
566,16668.0,16,22.0,66.0,98.0,32.666666666666664,11.015141094572202,1,0
567,16841.0,7,30.0,63.0,78.0,26.5,7.937253933193772,1,0
568,14397.0,9,18.0,29.0,35.0,13.0,6.187545093630776,1,2
569,12749.0,13,7.0,17.0,87.0,25.0,30.099833886584822,1,0
570,13136.0,33,8.0,77.0,78.0,26.0,37.403208418530085,1,1
571,15296.0,9,66.0,74.0,103.0,34.333333333333336,29.36551265231604,1,1
572,15187.0,29,11.0,19.0,39.0,20.75,16.31716887208072,1,1
573,14364.0,8,26.0,56.0,62.0,17.166666666666668,9.196013629104007,1,0
574,16184.0,5,4.0,7.0,28.0,21.2,19.110206696946005,1,1
575,18221.0,15,64.0,69.0,96.0,32.0,29.816103031751148,1,0
576,15544.0,19,18.0,31.0,54.0,23.0,10.801234497346433,1,0
577,17671.0,34,23.0,70.0,77.0,25.666666666666668,20.132891827388665,1,0
578,16466.0,3,14.0,77.0,105.0,35.0,25.238858928247925,1,1
579,13456.0,55,20.0,28.0,52.0,17.333333333333332,8.326663997864532,1,0
580,14221.0,13,36.0,71.0,77.0,23.25,14.72809107341025,1,1
581,16266.0,15,21.0,61.0,85.0,22.75,13.937359864766353,1,1
582,13756.0,29,14.0,54.0,76.0,25.333333333333332,13.316656236958785,1,1
583,16775.0,22,11.0,39.0,41.0,20.75,17.802153427792568,1,1
584,14583.0,44,21.0,41.0,61.0,20.333333333333332,0.5773502691896263,1,0
585,16818.0,6,20.0,30.0,41.0,11.0,11.0,1,2
586,17469.0,8,48.0,49.0,96.0,32.0,26.851443164195103,1,1
587,16813.0,13,18.0,32.0,60.0,18.2,5.932958789676531,1,2
588,12935.0,9,40.0,89.0,94.0,31.333333333333332,23.24507116214819,1,0
589,13856.0,68,11.0,15.0,35.0,11.666666666666666,8.020806277010642,1,0
590,15095.0,3,32.0,83.0,100.0,33.333333333333336,17.03917055884274,1,0
591,17659.0,0,9.0,28.0,69.0,16.5,13.322912594474229,1,1
592,13213.0,28,48.0,55.0,71.0,23.666666666666668,21.548395145191982,1,0
593,15804.0,6,2.0,22.0,25.0,18.4,16.00937225502612,1,2
594,14584.0,68,3.0,14.0,28.0,7.25,6.238322424070967,1,0
595,18232.0,57,32.0,35.0,40.0,13.333333333333334,16.19670748434179,1,0
596,18073.0,14,14.0,27.0,41.0,9.222222222222221,5.142416206847171,1,0
597,14338.0,58,3.0,33.0,38.0,12.666666666666666,15.044378795195678,1,0
598,14088.0,28,7.0,15.0,21.0,12.4,7.436396977031284,1,0
599,16880.0,26,26.0,47.0,63.0,21.0,5.0,1,1
600,17706.0,0,7.0,9.0,14.0,9.666666666666666,10.535653752852738,1,1
601,15152.0,13,10.0,15.0,23.0,10.571428571428571,8.423323628614833,1,1
602,18248.0,13,1.0,9.0,73.0,24.333333333333332,34.530180036213736,1,0
603,13115.0,54,4.0,14.0,29.0,7.5,6.244997998398398,1,0
604,14132.0,13,15.0,37.0,49.0,17.5,4.795831523312719,1,1
605,14401.0,7,5.0,21.0,35.0,12.5,5.612486080160912,1,2
606,16794.0,8,40.0,71.0,72.0,24.0,20.42057785666214,1,2
607,13517.0,6,1.0,66.0,73.0,24.333333333333332,35.345909711497505,1,1
608,16774.0,16,14.0,26.0,62.0,20.666666666666668,13.316656236958787,1,1
609,13384.0,21,7.0,50.0,57.0,19.0,20.784609690826528,1,1
610,17651.0,43,12.0,26.0,29.0,8.5,5.32290647422377,1,0
611,17562.0,9,12.0,47.0,56.0,16.0,12.780193008453876,1,1
612,14808.0,44,8.0,22.0,28.0,9.333333333333334,4.163331998932266,1,0
613,12830.0,34,7.0,22.0,37.0,12.333333333333334,4.618802153517007,1,1
614,13420.0,34,15.0,22.0,36.0,12.0,4.358898943540674,1,0
615,12919.0,16,34.0,49.0,53.0,17.666666666666668,15.176736583776282,1,1
616,13709.0,0,1.0,22.0,27.0,17.0,18.184242262647807,1,2
617,13870.0,1,33.0,63.0,67.0,22.333333333333332,15.947831618540915,1,0
618,17750.0,12,20.0,34.0,51.0,17.0,3.0,1,2
619,17997.0,33,19.0,23.0,31.0,10.333333333333334,7.76745346515403,1,1
620,13217.0,22,9.0,20.0,34.0,11.333333333333334,2.5166114784235836,1,0
621,14414.0,9,5.0,22.0,24.0,6.75,6.946221994724903,1,2
622,17676.0,6,3.0,20.0,24.0,8.0,7.810249675906654,1,1
